CATEGORY,GIS_ID,OBJECTID,GLOBALID,SHAPEAREA,SHAPELEN
Primary Street,Downtown_DesignatedStreetsPly_258,1,{E40908B5-0B39-4D72-AD21-F08725BAD6DA},0,0
Primary Street,Downtown_DesignatedStreetsPly_259,2,{A1DF714B-6C95-41DE-BBDB-E4F61027909C},0,0
Primary Street,Downtown_DesignatedStreetsPly_260,3,{BE3CDF59-3964-4670-AF56-13663E6D84A8},0,0
Primary Street,Downtown_DesignatedStreetsPly_261,4,{D3402E24-321C-4495-A539-BF3FFBC4BA07},0,0
Primary Street,Downtown_DesignatedStreetsPly_262,5,{01DBC926-2D84-478D-966E-C3DDEBC45F2E},0,0
Tertiary Street,Downtown_DesignatedStreetsPly_263,6,{A9214052-DD5B-4455-831F-B18202A141C1},0,0
Tertiary Street,Downtown_DesignatedStreetsPly_264,7,{A0F6A6D3-0B1E-4D59-9D91-027EB0044FF4},0,0
Tertiary Street,Downtown_DesignatedStreetsPly_265,8,{DF32BA43-E6A7-47CF-B0F6-10C7CBDD3265},0,0
Primary Street,Downtown_DesignatedStreetsPly_266,9,{129B7323-1F09-441D-AE5A-307E776A8CD4},0,0
Primary Street,Downtown_DesignatedStreetsPly_267,10,{05862013-F935-47AC-86EA-02518D7C4808},0,0
Primary Street,Downtown_DesignatedStreetsPly_268,11,{69F4EEFB-9AD1-4A0B-88FD-BFCC96355E00},0,0
Primary Street,Downtown_DesignatedStreetsPly_269,12,{9C5E52EE-EC3F-4A1D-AC53-007B8D801CB4},0,0
Tertiary Street,Downtown_DesignatedStreetsPly_270,13,{6849908F-E1B8-4A4E-ABB9-EB5BE63410B8},0,0
Primary Street,Downtown_DesignatedStreetsPly_271,14,{17283AF0-8E0E-4910-A0BC-29A06DE9812D},0,0
Primary Street,Downtown_DesignatedStreetsPly_272,15,{71342751-5705-4C10-B47D-BECF0C6F1023},0,0
Tertiary Street,Downtown_DesignatedStreetsPly_273,16,{B6CC7585-BD9F-48C5-A95E-BE7D0EF4466D},0,0
Tertiary Street,Downtown_DesignatedStreetsPly_274,17,{61B98272-510D-4DC2-97F0-604C683FC5EB},0,0
Tertiary Street,Downtown_DesignatedStreetsPly_275,18,{B0D99AEF-9255-4455-A108-F1210E6A0680},0,0
Secondary Street,Downtown_DesignatedStreetsPly_276,19,{8D2A909C-8294-421D-BC77-FC8706DDCF4A},0,0
Tertiary Street,Downtown_DesignatedStreetsPly_277,20,{399EE4E9-8131-474C-8682-DA7BDD375E07},0,0
Secondary Street,Downtown_DesignatedStreetsPly_278,21,{9DA76BF2-3166-4067-A266-0DFA3442F3D0},0,0
Primary Street,Downtown_DesignatedStreetsPly_279,22,{551DBA3D-3223-4DCE-8A19-EC691D58778F},0,0
Primary Street,Downtown_DesignatedStreetsPly_280,23,{090A9944-135E-4123-9C85-B566F1A8CB7F},0,0
Primary Street,Downtown_DesignatedStreetsPly_281,24,{3E003352-4F80-4582-9DF0-D1710D8B25B6},0,0
Primary Street,Downtown_DesignatedStreetsPly_282,25,{738DE637-34DA-485B-81AB-CBE87A951675},0,0
Primary Street,Downtown_DesignatedStreetsPly_283,26,{91B4A7D0-58E8-4822-9B53-3CB0F9550BBC},0,0
Primary Street,Downtown_DesignatedStreetsPly_284,27,{62EF600E-80D2-4096-8014-00E6E259C053},0,0
Tertiary Street,Downtown_DesignatedStreetsPly_285,28,{89B3B7EB-64BE-4756-86A6-3DD9272DAA2E},0,0
Secondary Street,Downtown_DesignatedStreetsPly_286,29,{EAB0ED38-35FC-46B4-9D80-27E6C97F5C12},0,0
Secondary Street,Downtown_DesignatedStreetsPly_287,30,{50C43CCD-7793-40CB-8BD4-AE371D4FC9E5},0,0
Tertiary Street,Downtown_DesignatedStreetsPly_1,31,{402ED896-F85C-4CB2-966F-08EDA09D619E},0,0
Secondary Street,Downtown_DesignatedStreetsPly_2,32,{EEB2BDD2-3F24-4451-A368-9BEB6CEFA82C},0,0
Tertiary Street,Downtown_DesignatedStreetsPly_3,33,{DB3E6EE9-97DF-45F8-9119-0FC179FC2266},0,0
Tertiary Street,Downtown_DesignatedStreetsPly_4,34,{9CC57B20-434D-4FC7-B7CD-460FFF3B92F8},0,0
Tertiary Street,Downtown_DesignatedStreetsPly_5,35,{21AF5C1D-22D7-4866-8104-863BF1248203},0,0
Primary Street,Downtown_DesignatedStreetsPly_6,36,{ED6BE5F6-FE41-412C-9D95-25614AC4FEC9},0,0
Primary Street,Downtown_DesignatedStreetsPly_7,37,{B9868BBE-5BAC-4754-B7D3-CCBC11318917},0,0
Tertiary Street,Downtown_DesignatedStreetsPly_8,38,{6A53C832-6417-47ED-877B-11AE5F23CB1F},0,0
Tertiary Street,Downtown_DesignatedStreetsPly_9,39,{FBE19F13-C595-4F52-9F02-99E7C54DADC2},0,0
Primary Street,Downtown_DesignatedStreetsPly_10,40,{271966FD-FA36-4FBD-BD37-A0212B1C6179},0,0
Primary Street,Downtown_DesignatedStreetsPly_11,41,{A0AE36DB-7A8E-4D7B-BB89-3C0D4762FEC7},0,0
Primary Street,Downtown_DesignatedStreetsPly_12,42,{D26B2985-7F8C-499F-92E3-559ED1C72505},0,0
Primary Street,Downtown_DesignatedStreetsPly_13,43,{9F921478-6171-40DE-AE1C-5FDA891C0A0C},0,0
Primary Street,Downtown_DesignatedStreetsPly_14,44,{A8D60E5A-15CF-48F9-A27C-6A3DF20253A9},0,0
Tertiary Street,Downtown_DesignatedStreetsPly_15,45,{691F7D41-ABDF-4441-8F73-E80F2DCCD16E},0,0
Primary Street,Downtown_DesignatedStreetsPly_16,46,{AB2A7C14-3966-4150-8E5D-93E799E1105A},0,0
Secondary Street,Downtown_DesignatedStreetsPly_17,47,{EA35BE86-87CC-4954-8D07-9A59166389F8},0,0
Tertiary Street,Downtown_DesignatedStreetsPly_18,48,{CA51D679-1995-4560-BCFF-9820D5B96FB7},0,0
Primary Street,Downtown_DesignatedStreetsPly_19,49,{240832E8-796B-4A86-A047-42534B4C3663},0,0
Primary Street,Downtown_DesignatedStreetsPly_20,50,{A4AA70C3-2C18-41F4-BE49-8E7D60D73309},0,0
Secondary Street,Downtown_DesignatedStreetsPly_21,51,{6E0BFB3D-2127-4891-8B76-5017823602F3},0,0
Tertiary Street,Downtown_DesignatedStreetsPly_22,52,{632D6B4E-F73D-44D0-BA3D-4E307643C92D},0,0
Secondary Street,Downtown_DesignatedStreetsPly_23,53,{0085828E-09C4-441B-B753-4ECB197F2382},0,0
Tertiary Street,Downtown_DesignatedStreetsPly_24,54,{94276D76-7C63-4BC6-A373-756312DA3DB7},0,0
Tertiary Street,Downtown_DesignatedStreetsPly_25,55,{B1113C5F-9F09-45D0-8CF5-E13EC4BB916E},0,0
Primary Street,Downtown_DesignatedStreetsPly_26,56,{5297CCA5-4079-4C38-99AF-487F4D85F753},0,0
Secondary Street,Downtown_DesignatedStreetsPly_27,57,{6165FEC4-02A4-4E7A-89C6-BD051B73CEAA},0,0
Primary Street,Downtown_DesignatedStreetsPly_28,58,{7DE9AC23-E0E8-43F6-89F9-B613959D64F7},0,0
Secondary Street,Downtown_DesignatedStreetsPly_29,59,{4B32FCE0-3699-46EC-BD52-32E17C464B7E},0,0
Secondary Street,Downtown_DesignatedStreetsPly_30,60,{3823CE3D-4CA0-4F84-8AEF-87A55A4441E8},0,0
Tertiary Street,Downtown_DesignatedStreetsPly_31,61,{1E383005-AC2B-43E7-AB39-A16D393E8295},0,0
Secondary Street,Downtown_DesignatedStreetsPly_32,62,{C4171FE9-5003-4524-85A3-10E6896C4683},0,0
Secondary Street,Downtown_DesignatedStreetsPly_33,63,{D7274742-1873-40F4-A6C0-2FED3031A2ED},0,0
Secondary Street,Downtown_DesignatedStreetsPly_34,64,{2C96E8CA-2202-4DDA-B1B8-98D192661353},0,0
Tertiary Street,Downtown_DesignatedStreetsPly_35,65,{E50C13AD-E4C7-4C9E-8B74-3CDD9E1FF102},0,0
Primary Street,Downtown_DesignatedStreetsPly_36,66,{0780F0F7-A1AF-4FD4-9A31-68903BFE0495},0,0
Primary Street,Downtown_DesignatedStreetsPly_37,67,{0D615404-C87B-458F-A65C-F6737D3909B6},0,0
Tertiary Street,Downtown_DesignatedStreetsPly_38,68,{CB57EA02-F39C-4D0B-A683-67F656800BA2},0,0
Tertiary Street,Downtown_DesignatedStreetsPly_39,69,{615F93C2-58F0-468B-9A10-462FC963D31F},0,0
Tertiary Street,Downtown_DesignatedStreetsPly_40,70,{E7776E84-65D3-47B9-BBCB-3495DAD2FD9E},0,0
Primary Street,Downtown_DesignatedStreetsPly_41,71,{B87B994A-6E14-45A2-BC19-C22AC3ED8885},0,0
Primary Street,Downtown_DesignatedStreetsPly_42,72,{8A5EEAF6-5071-4E0C-9A94-59FB5285C882},0,0
Primary Street,Downtown_DesignatedStreetsPly_43,73,{912F3E56-43ED-4873-94F5-3B15F6963BBB},0,0
Tertiary Street,Downtown_DesignatedStreetsPly_44,74,{98096915-EAFB-48D6-8568-82EA131F82F8},0,0
Secondary Street,Downtown_DesignatedStreetsPly_45,75,{237990C6-3A8C-4B91-84FF-87AADA753A4F},0,0
Secondary Street,Downtown_DesignatedStreetsPly_46,76,{C0637A99-1CE9-4479-8401-AB344A2B3AC1},0,0
Secondary Street,Downtown_DesignatedStreetsPly_47,77,{BDE22403-E1A4-4A79-961E-1B05C02DA19D},0,0
Secondary Street,Downtown_DesignatedStreetsPly_48,78,{6EB397A0-5DF8-49C9-B208-ABE867B3799E},0,0
Primary Street,Downtown_DesignatedStreetsPly_49,79,{A1EDE1DF-165E-4886-9D8F-6C2E4825A011},0,0
Secondary Street,Downtown_DesignatedStreetsPly_50,80,{5512B0E0-ABC2-49A9-B1D2-525D2CB8F4BA},0,0
Primary Street,Downtown_DesignatedStreetsPly_51,81,{DB3AA9AE-90FA-4163-8E88-26F6EF13C891},0,0
Primary Street,Downtown_DesignatedStreetsPly_52,82,{88B662E3-3021-41D9-A9D7-9C9F13572FDA},0,0
Tertiary Street,Downtown_DesignatedStreetsPly_53,83,{21E5BBF0-888F-4EDB-BADC-5D727D3E1768},0,0
Secondary Street,Downtown_DesignatedStreetsPly_54,84,{69742E7B-7D5B-477E-98B4-050492A9B00E},0,0
Secondary Street,Downtown_DesignatedStreetsPly_55,85,{19C5FE6F-24DE-4B22-A706-633F4723465C},0,0
Secondary Street,Downtown_DesignatedStreetsPly_56,86,{7903EAE9-3CAC-4D57-9028-75369C2A26A1},0,0
Secondary Street,Downtown_DesignatedStreetsPly_57,87,{20852892-4D04-4B31-9A19-93FE90C8E804},0,0
Secondary Street,Downtown_DesignatedStreetsPly_58,88,{216DCCD8-0927-40B2-8431-42E1B366191C},0,0
Primary Street,Downtown_DesignatedStreetsPly_59,89,{6AB61A50-408C-4224-BB78-25361EBF55AA},0,0
Primary Street,Downtown_DesignatedStreetsPly_60,90,{14614819-9FB5-47D0-BE08-7D6F45E1FADC},0,0
Secondary Street,Downtown_DesignatedStreetsPly_61,91,{815EEAC9-4889-427E-B2CF-D474C8DD4E0E},0,0
Secondary Street,Downtown_DesignatedStreetsPly_62,92,{873C5517-D97C-4512-A3A5-4592E9AAC888},0,0
Secondary Street,Downtown_DesignatedStreetsPly_63,93,{F35AACF5-D98D-4D58-BD49-EA6D1E172F43},0,0
Secondary Street,Downtown_DesignatedStreetsPly_64,94,{3A7C72A4-F0BC-4ADE-831F-F127132CE846},0,0
Secondary Street,Downtown_DesignatedStreetsPly_65,95,{ABB9C707-7FDF-49EA-A217-0AB1269FB539},0,0
Primary Street,Downtown_DesignatedStreetsPly_66,96,{CC3DB851-1760-4562-A3DD-C976FF3BED3E},0,0
Primary Street,Downtown_DesignatedStreetsPly_67,97,{6BA060C8-39C0-4CF6-B0DE-8BE4D54E92F7},0,0
Secondary Street,Downtown_DesignatedStreetsPly_68,98,{403E3907-DB49-4185-85FB-9F6BB0734EFE},0,0
Tertiary Street,Downtown_DesignatedStreetsPly_69,99,{EBC7CD1E-43E7-4279-9102-B54C06C8E4A4},0,0
Tertiary Street,Downtown_DesignatedStreetsPly_70,100,{95A4B9E8-A08B-4ECD-9FA9-2DAD31CB6F6A},0,0
Tertiary Street,Downtown_DesignatedStreetsPly_71,101,{E7FD07F6-8B42-46CA-AC8E-956C4954BD6F},0,0
Secondary Street,Downtown_DesignatedStreetsPly_72,102,{7A432122-947B-421A-82E8-BAACF7D3D949},0,0
Secondary Street,Downtown_DesignatedStreetsPly_73,103,{7511C3C5-DA98-4164-A3CC-D7A12004758E},0,0
Secondary Street,Downtown_DesignatedStreetsPly_74,104,{CE6ADF54-7581-4DFE-9560-9EC9FB4E87C7},0,0
Tertiary Street,Downtown_DesignatedStreetsPly_75,105,{5683D75A-BAE5-48AC-A724-2C78A77A6A72},0,0
Tertiary Street,Downtown_DesignatedStreetsPly_76,106,{D711EFA1-B847-4074-BCEE-EC037356838E},0,0
Secondary Street,Downtown_DesignatedStreetsPly_77,107,{4DAA2E26-8AC0-491D-8FCE-3C6653F220A0},0,0
Secondary Street,Downtown_DesignatedStreetsPly_78,108,{3FAA0204-A255-4ABB-BB57-05467C0F2F13},0,0
Secondary Street,Downtown_DesignatedStreetsPly_79,109,{D3266F80-D729-45AA-86A5-BAFC7E1EDAD9},0,0
Tertiary Street,Downtown_DesignatedStreetsPly_80,110,{D61FDBC4-F3E4-48FD-B81B-9DE62311F890},0,0
Secondary Street,Downtown_DesignatedStreetsPly_81,111,{4E4BF697-DB1E-4589-8EFB-08856F4F28DF},0,0
Tertiary Street,Downtown_DesignatedStreetsPly_82,112,{A05C9309-B958-42AB-9D92-8C158EB96A1D},0,0
Primary Street,Downtown_DesignatedStreetsPly_83,113,{8A42F096-30AB-4915-976E-AC2FBC5D4193},0,0
Primary Street,Downtown_DesignatedStreetsPly_84,114,{0B105D51-CFDF-4BBD-940B-6409853B92F2},0,0
Primary Street,Downtown_DesignatedStreetsPly_85,115,{1F079A77-49B5-4FE2-A79B-CE0A67C26279},0,0
Primary Street,Downtown_DesignatedStreetsPly_86,116,{1DB002CE-06F8-4367-90E4-C7B981FE302B},0,0
Primary Street,Downtown_DesignatedStreetsPly_87,117,{BF88944A-C881-4DFC-A675-988E01F02BCB},0,0
Primary Street,Downtown_DesignatedStreetsPly_88,118,{111D6CA0-2FAE-4CA3-A672-8FB6C53D4EA7},0,0
Primary Street,Downtown_DesignatedStreetsPly_89,119,{1DC3B4CB-F547-40D3-A875-A42922214A81},0,0
Primary Street,Downtown_DesignatedStreetsPly_90,120,{EA06BD8D-77A7-457F-9A55-FF030645533B},0,0
Primary Street,Downtown_DesignatedStreetsPly_91,121,{928ABAB5-FBC7-440D-B85E-06A82ACB886C},0,0
Primary Street,Downtown_DesignatedStreetsPly_92,122,{3A67A72F-91E3-4C3C-8F20-172D04AC15CF},0,0
Primary Street,Downtown_DesignatedStreetsPly_93,123,{EAA2399C-1F9D-4B70-8F38-1D17F8626A4D},0,0
Primary Street,Downtown_DesignatedStreetsPly_94,124,{3BCA4DD1-B30E-484B-98CE-99B4D73DFBE2},0,0
Primary Street,Downtown_DesignatedStreetsPly_95,125,{7D25D422-381E-4508-87C0-542B588E2964},0,0
Primary Street,Downtown_DesignatedStreetsPly_96,126,{8B6234FB-C4CA-4973-9AB1-1A4A3D5D6419},0,0
Primary Street,Downtown_DesignatedStreetsPly_97,127,{62D0B98A-62F5-4CE2-9535-0202C5ABA537},0,0
Primary Street,Downtown_DesignatedStreetsPly_98,128,{43267772-F012-4FD5-B204-7934D2F54019},0,0
Tertiary Street,Downtown_DesignatedStreetsPly_99,129,{1D23327F-B93E-4A4E-8329-8469F2901325},0,0
Secondary Street,Downtown_DesignatedStreetsPly_100,130,{D64FB675-3DE7-4E33-B807-85778E06D22A},0,0
Secondary Street,Downtown_DesignatedStreetsPly_101,131,{982DA793-F325-42F5-AA3D-20BEE1A8BD12},0,0
Tertiary Street,Downtown_DesignatedStreetsPly_102,132,{BB14F8B3-E6F9-461A-B223-0BE8A76D53AE},0,0
Secondary Street,Downtown_DesignatedStreetsPly_103,133,{759C89DB-CFDB-420E-8229-37A7307273CA},0,0
Secondary Street,Downtown_DesignatedStreetsPly_104,134,{1943A471-C3DB-4148-97E2-4E45AB205CA4},0,0
Secondary Street,Downtown_DesignatedStreetsPly_105,135,{E6F5B157-C967-46B8-A4D2-6520F278CB3E},0,0
Secondary Street,Downtown_DesignatedStreetsPly_106,136,{946420BE-ADC3-4F8D-99BC-84DCC25DABC1},0,0
Secondary Street,Downtown_DesignatedStreetsPly_107,137,{E54B7B0F-0AF6-40C5-8BCB-885E4EC41E3B},0,0
Secondary Street,Downtown_DesignatedStreetsPly_108,138,{D792ADEB-2B83-4738-8519-B9E5DD050710},0,0
Secondary Street,Downtown_DesignatedStreetsPly_109,139,{F50D59C2-C8EC-4A8E-89C7-D167EFE9A889},0,0
Secondary Street,Downtown_DesignatedStreetsPly_110,140,{B683A5CA-F2D4-4978-AF82-20B6AA002543},0,0
Secondary Street,Downtown_DesignatedStreetsPly_111,141,{649366A1-2B09-4681-AABE-48896004EBD1},0,0
Secondary Street,Downtown_DesignatedStreetsPly_112,142,{5A3CBF32-26AC-45E1-8485-6D31EFA4C4F2},0,0
Secondary Street,Downtown_DesignatedStreetsPly_113,143,{2C54C47F-535B-4A00-AFE2-A692C1C16B25},0,0
Primary Street,Downtown_DesignatedStreetsPly_114,144,{095757FF-3BA3-4A90-A077-B354B50830CA},0,0
Primary Street,Downtown_DesignatedStreetsPly_115,145,{B6160DFC-1FE6-43BB-A68A-FF292567B334},0,0
Primary Street,Downtown_DesignatedStreetsPly_116,146,{B58D2D00-0D3D-4D78-9D11-193670910865},0,0
Secondary Street,Downtown_DesignatedStreetsPly_117,147,{06B5D10E-0907-4E2C-B8EF-896AC046326A},0,0
Primary Street,Downtown_DesignatedStreetsPly_118,148,{1BACF336-2682-4EB8-B367-79318011CC90},0,0
Primary Street,Downtown_DesignatedStreetsPly_119,149,{1D230E76-FD48-454F-A3CF-3B37C1AAAB91},0,0
Primary Street,Downtown_DesignatedStreetsPly_120,150,{F5438B48-427A-47AF-B9F8-45DEC261817C},0,0
Tertiary Street,Downtown_DesignatedStreetsPly_121,151,{9EB0821A-3AB6-4DE4-A4BA-3C936853FF45},0,0
Tertiary Street,Downtown_DesignatedStreetsPly_122,152,{097835E4-DDCC-46C4-A86A-6FEF1440042E},0,0
Primary Street,Downtown_DesignatedStreetsPly_123,153,{F006473F-11FF-4675-ADCA-E8947965ECBD},0,0
Tertiary Street,Downtown_DesignatedStreetsPly_124,154,{D881ECB5-FAD0-4A7F-93AC-1F0925C4DE32},0,0
Primary Street,Downtown_DesignatedStreetsPly_125,155,{3F24575A-111A-475D-A2F5-7CE03648CC94},0,0
Primary Street,Downtown_DesignatedStreetsPly_126,156,{2C19F982-A3FE-4066-9B96-265AD79ACE0F},0,0
Primary Street,Downtown_DesignatedStreetsPly_127,157,{698DB047-3178-4B99-9EF5-A3F08580AAA5},0,0
Primary Street,Downtown_DesignatedStreetsPly_128,158,{0D0CCEEF-A9A4-468B-B702-F670BCC0ED6B},0,0
Primary Street,Downtown_DesignatedStreetsPly_129,159,{F48906B3-E37D-4D30-8D39-CFC4001AD05A},0,0
Primary Street,Downtown_DesignatedStreetsPly_130,160,{D7D1AC5B-C637-4DDE-AC33-371CAC825B90},0,0
Secondary Street,Downtown_DesignatedStreetsPly_131,161,{6BCC5B36-1798-494A-821D-3FE4E4A0C51B},0,0
Secondary Street,Downtown_DesignatedStreetsPly_132,162,{CEA27A64-D292-4913-909E-74490C81DE70},0,0
Secondary Street,Downtown_DesignatedStreetsPly_133,163,{89F1E740-7F0C-4D8D-BDD9-BC24C83BE074},0,0
Secondary Street,Downtown_DesignatedStreetsPly_134,164,{80C02AC3-1DAF-48C6-9341-4A0F93AAF84E},0,0
Secondary Street,Downtown_DesignatedStreetsPly_135,165,{F12827FB-3919-478B-8639-DB43DF0E9DB4},0,0
Tertiary Street,Downtown_DesignatedStreetsPly_136,166,{3DEA9EAF-42AC-4950-9454-06FB6D4828FB},0,0
Secondary Street,Downtown_DesignatedStreetsPly_137,167,{BDD378DF-4A74-4F78-ACA2-2857965C4F1C},0,0
Secondary Street,Downtown_DesignatedStreetsPly_138,168,{F6DC3ECB-988B-48AE-A842-B3308F1198FD},0,0
Secondary Street,Downtown_DesignatedStreetsPly_139,169,{48FC6A95-3B80-47FA-B1B2-D6C961D7001C},0,0
Secondary Street,Downtown_DesignatedStreetsPly_140,170,{24C2C9E0-7DF6-4AFF-968C-021394EBEBAB},0,0
Secondary Street,Downtown_DesignatedStreetsPly_141,171,{3B15F4E3-F485-470E-AD2A-6F6A8A9814A0},0,0
Secondary Street,Downtown_DesignatedStreetsPly_142,172,{AA7CDCDE-A5B7-42AC-B807-9814F348F2AE},0,0
Secondary Street,Downtown_DesignatedStreetsPly_143,173,{68B8F38D-3810-43DB-92EB-B11936768B8C},0,0
Secondary Street,Downtown_DesignatedStreetsPly_144,174,{564381FD-1145-447A-92BC-EA8FAB52F792},0,0
Primary Street,Downtown_DesignatedStreetsPly_145,175,{A974C7EF-758B-419A-9726-E967A16C0CC0},0,0
Secondary Street,Downtown_DesignatedStreetsPly_146,176,{3527C1BE-4A9C-4CF5-8DF7-3E1A534FF142},0,0
Tertiary Street,Downtown_DesignatedStreetsPly_147,177,{5AD022B2-B8DE-43E7-B813-DC9573F437C8},0,0
Primary Street,Downtown_DesignatedStreetsPly_148,178,{7BFCA140-DB81-4D91-BAC8-D5D0EAE2A076},0,0
Primary Street,Downtown_DesignatedStreetsPly_149,179,{14D3BDC4-6FE6-4973-B34F-A6C42D446C88},0,0
Secondary Street,Downtown_DesignatedStreetsPly_150,180,{B390A306-2376-4941-86C8-38C680689278},0,0
Secondary Street,Downtown_DesignatedStreetsPly_151,181,{08437899-6E09-45D2-B3BA-60E9CA2A6217},0,0
Primary Street,Downtown_DesignatedStreetsPly_152,182,{F3B052D8-8806-44B8-9EE9-EAA3351AAC40},0,0
Primary Street,Downtown_DesignatedStreetsPly_153,183,{8601024A-FA90-47A3-9383-1A848FCAB28E},0,0
Secondary Street,Downtown_DesignatedStreetsPly_154,184,{92072C2B-EC52-4725-84F9-A094800DF951},0,0
Secondary Street,Downtown_DesignatedStreetsPly_155,185,{1A5053A6-2AE2-4134-BD24-C47183A46BC0},0,0
Secondary Street,Downtown_DesignatedStreetsPly_156,186,{B53A9BA4-ABFF-4D40-824D-B2862C0337E7},0,0
Secondary Street,Downtown_DesignatedStreetsPly_157,187,{D979FC83-D480-428B-8F7B-5013D858BA4C},0,0
Secondary Street,Downtown_DesignatedStreetsPly_158,188,{CBCD3E7D-0CAE-4707-B3FB-0052A4B1F6C1},0,0
Primary Street,Downtown_DesignatedStreetsPly_159,189,{935E9088-37FE-44CD-BD8E-9F2D20C4A699},0,0
Secondary Street,Downtown_DesignatedStreetsPly_160,190,{25BE8681-3A53-4C1D-B789-BA142EC8BFC5},0,0
Tertiary Street,Downtown_DesignatedStreetsPly_161,191,{E8E93EB1-A05E-4651-8E74-4EA16C864772},0,0
Secondary Street,Downtown_DesignatedStreetsPly_162,192,{64DB84F4-0E30-4F2E-AF7B-C55311F75B5C},0,0
Secondary Street,Downtown_DesignatedStreetsPly_163,193,{C254A921-1F5A-477C-8CB7-71DD678711A2},0,0
Secondary Street,Downtown_DesignatedStreetsPly_164,194,{1CEACA31-3E62-46A0-9BFA-F7D94D611798},0,0
Secondary Street,Downtown_DesignatedStreetsPly_165,195,{F06F5E28-5944-42F9-9228-045993BBC460},0,0
Secondary Street,Downtown_DesignatedStreetsPly_166,196,{74B7A069-3D6E-4E71-AB41-5AA68978DDE3},0,0
Secondary Street,Downtown_DesignatedStreetsPly_167,197,{5097274E-3923-4CA0-A732-4FFEAA97E7D7},0,0
Secondary Street,Downtown_DesignatedStreetsPly_168,198,{23444C32-F263-483F-8A13-E899946280B4},0,0
Secondary Street,Downtown_DesignatedStreetsPly_169,199,{2A01E7BD-FFA3-46C2-A314-76379BCE20BB},0,0
Tertiary Street,Downtown_DesignatedStreetsPly_170,200,{A1EAF957-DDC4-4DD5-BA8C-91A3519B4CE9},0,0
Secondary Street,Downtown_DesignatedStreetsPly_171,201,{CFDF8B38-3C2A-46F0-AA63-4C7F5E8B357E},0,0
Secondary Street,Downtown_DesignatedStreetsPly_172,202,{B6FB08CE-4CE2-4EC6-B275-EF3FF38272ED},0,0
Secondary Street,Downtown_DesignatedStreetsPly_173,203,{082A7B55-592B-4135-8036-70A5B5973B6E},0,0
Secondary Street,Downtown_DesignatedStreetsPly_174,204,{609D4E19-F120-4D09-B576-342468B04F28},0,0
Secondary Street,Downtown_DesignatedStreetsPly_175,205,{3E4DDFC9-371D-4490-9C97-36A924358827},0,0
Secondary Street,Downtown_DesignatedStreetsPly_176,206,{198E0B54-D22A-409F-A595-061465291B3E},0,0
Primary Street,Downtown_DesignatedStreetsPly_177,207,{A210AB4D-326B-47DC-A8DB-69CCC8FBB08A},0,0
Secondary Street,Downtown_DesignatedStreetsPly_178,208,{8660AABC-CCC4-4FEE-A4B2-250700E5BFAD},0,0
Primary Street,Downtown_DesignatedStreetsPly_179,209,{9549C2BE-0F63-49B3-A394-6EAA76C508AA},0,0
Secondary Street,Downtown_DesignatedStreetsPly_180,210,{86FC72D7-ABC8-46D2-86FA-AC7825E12825},0,0
Secondary Street,Downtown_DesignatedStreetsPly_181,211,{2DDF0636-E918-4843-878A-FD8D2EC6368E},0,0
Secondary Street,Downtown_DesignatedStreetsPly_182,212,{CDC5266E-D4AB-4783-A15E-658F859FE435},0,0
Secondary Street,Downtown_DesignatedStreetsPly_183,213,{AED05A04-1A2B-44CC-BB10-E899D9A165F3},0,0
Primary Street,Downtown_DesignatedStreetsPly_184,214,{F6737F9B-EE23-4952-A626-30863D4315DF},0,0
Tertiary Street,Downtown_DesignatedStreetsPly_185,215,{F6A7D506-A376-4093-A04D-76719864BC29},0,0
Tertiary Street,Downtown_DesignatedStreetsPly_186,216,{80B2FCF1-850E-4EC5-9AAB-DA04AE7ACAE5},0,0
Primary Street,Downtown_DesignatedStreetsPly_187,217,{27D03A6C-604F-4AB1-9F5F-86767E155009},0,0
Primary Street,Downtown_DesignatedStreetsPly_188,218,{68A36682-17BE-466F-B0AB-A95224DD812D},0,0
Secondary Street,Downtown_DesignatedStreetsPly_189,219,{6AD90CAD-45F8-46FD-B88C-328EC3E29EAC},0,0
Secondary Street,Downtown_DesignatedStreetsPly_190,220,{A594FC00-E50D-45A5-A4FE-E41BE4D0606A},0,0
Secondary Street,Downtown_DesignatedStreetsPly_191,221,{514AE5EF-8026-4EC2-A181-77FD0E16F55B},0,0
Tertiary Street,Downtown_DesignatedStreetsPly_192,222,{08DCD232-3947-487A-B13D-21CB6EBAC71D},0,0
Secondary Street,Downtown_DesignatedStreetsPly_193,223,{2F781CB6-8BF6-422A-B688-231FF6969201},0,0
Secondary Street,Downtown_DesignatedStreetsPly_194,224,{4AFA6C7F-F1C2-4CB9-952B-FD7E00EFEAF4},0,0
Primary Street,Downtown_DesignatedStreetsPly_195,225,{AF7BBD59-A18D-4EA5-A0A1-052F5CBCF466},0,0
Secondary Street,Downtown_DesignatedStreetsPly_196,226,{6C09922E-A8F0-40BF-ABD7-48063451B89E},0,0
Secondary Street,Downtown_DesignatedStreetsPly_197,227,{02B9C895-F843-4F6C-97EA-70F1EC238176},0,0
Primary Street,Downtown_DesignatedStreetsPly_198,228,{98A5D84A-BC1A-4D18-B48F-11BC8F58FCC9},0,0
Tertiary Street,Downtown_DesignatedStreetsPly_199,229,{27C08A36-4BDF-4F12-9AE9-6C8C37B99296},0,0
Primary Street,Downtown_DesignatedStreetsPly_200,230,{EFEAD456-C27C-483A-BADC-651FDC6A3851},0,0
Primary Street,Downtown_DesignatedStreetsPly_201,231,{25CE9635-9793-4FBF-B162-EC8589A65A32},0,0
Secondary Street,Downtown_DesignatedStreetsPly_202,232,{DA90C29A-E9F6-4FC4-BFB0-7039BDF7493F},0,0
Tertiary Street,Downtown_DesignatedStreetsPly_203,233,{1B94ADF2-CE26-40E3-A753-CCAFEADF5490},0,0
Primary Street,Downtown_DesignatedStreetsPly_204,234,{D6CC0476-8B68-4A56-97DB-DC71D9CB281F},0,0
Tertiary Street,Downtown_DesignatedStreetsPly_205,235,{241B8947-6CDC-4535-B5BE-24B98A1B665F},0,0
Primary Street,Downtown_DesignatedStreetsPly_206,236,{BDEB2D0E-E9FB-408C-8F32-C252F6F85F1E},0,0
Tertiary Street,Downtown_DesignatedStreetsPly_207,237,{F75B8406-FC03-4EBF-B0AC-FBF2A7D014BE},0,0
Tertiary Street,Downtown_DesignatedStreetsPly_208,238,{0720D8EC-C2D3-4DC0-9E02-69FD011406D5},0,0
Tertiary Street,Downtown_DesignatedStreetsPly_209,239,{6186A577-3E5F-4C47-9F26-97EFAD81324A},0,0
Tertiary Street,Downtown_DesignatedStreetsPly_210,240,{AD91744A-6691-4740-8BC7-A92733C29DAA},0,0
Tertiary Street,Downtown_DesignatedStreetsPly_211,241,{2D19040E-1471-4E3D-A5B6-24BDAABC2F11},0,0
Tertiary Street,Downtown_DesignatedStreetsPly_212,242,{B4625040-6010-4BDE-BF70-7A1CBECCA0B3},0,0
Tertiary Street,Downtown_DesignatedStreetsPly_213,243,{8457C019-6CBD-4CC1-9932-BE2396C29CAE},0,0
Tertiary Street,Downtown_DesignatedStreetsPly_214,244,{BDC9B330-B6F8-4A73-9D72-2742A535690A},0,0
Tertiary Street,Downtown_DesignatedStreetsPly_215,245,{4299EC64-3CB9-4A27-90EF-A618E0D8DE8B},0,0
Tertiary Street,Downtown_DesignatedStreetsPly_216,246,{9128273D-1935-41B2-A4E5-293EDAAF8C51},0,0
Tertiary Street,Downtown_DesignatedStreetsPly_217,247,{68F80B48-6FC1-483C-82FA-72AD7F3AB08D},0,0
Tertiary Street,Downtown_DesignatedStreetsPly_218,248,{EDF997BC-7D94-4E49-9441-8CA818B00FBB},0,0
Tertiary Street,Downtown_DesignatedStreetsPly_219,249,{E8960D14-2A2D-4244-B89F-1F268B85F2E2},0,0
Tertiary Street,Downtown_DesignatedStreetsPly_220,250,{A133E71E-36DE-4E9F-8509-18EB4CE1C462},0,0
Tertiary Street,Downtown_DesignatedStreetsPly_221,251,{5FB84C44-1126-43C6-AB3C-BDD6CD7859F6},0,0
Tertiary Street,Downtown_DesignatedStreetsPly_222,252,{66374036-0009-41C1-9F92-835553D368BC},0,0
Tertiary Street,Downtown_DesignatedStreetsPly_223,253,{F71C8671-3B72-4347-A30F-06C5353F855E},0,0
Tertiary Street,Downtown_DesignatedStreetsPly_224,254,{F549A74A-2FA9-4DB8-B63B-D3438D42423C},0,0
Tertiary Street,Downtown_DesignatedStreetsPly_225,255,{EFF7244C-9AF7-4156-9E74-1BDD941B4D6C},0,0
Tertiary Street,Downtown_DesignatedStreetsPly_226,256,{856BF3FB-54D5-49A7-A441-9439E8413826},0,0
Tertiary Street,Downtown_DesignatedStreetsPly_227,257,{EC6F2CBC-09B8-453F-BB85-7E053976E228},0,0
Tertiary Street,Downtown_DesignatedStreetsPly_228,258,{0B413BE6-D34F-41AE-B098-EC6F5E71BAA8},0,0
Tertiary Street,Downtown_DesignatedStreetsPly_229,259,{CFFFC501-3AEC-4536-9AC2-38F84251F53D},0,0
Tertiary Street,Downtown_DesignatedStreetsPly_230,260,{090A091D-0ADA-4F6A-8B4E-1F114CE82755},0,0
Tertiary Street,Downtown_DesignatedStreetsPly_231,261,{0E8AD441-E801-4FBB-B5B6-EB2E83AFDDBC},0,0
Tertiary Street,Downtown_DesignatedStreetsPly_232,262,{9894CC4B-5556-44A4-9476-B08D9FA22551},0,0
Tertiary Street,Downtown_DesignatedStreetsPly_233,263,{71BCA1E7-A532-4656-AFA6-2AAF33ABF060},0,0
Tertiary Street,Downtown_DesignatedStreetsPly_234,264,{E03EAB72-0FF9-4B27-89EA-78E2B04CAEDF},0,0
Tertiary Street,Downtown_DesignatedStreetsPly_235,265,{FF545A3F-A99B-41D7-92A8-5E861575C8EA},0,0
Tertiary Street,Downtown_DesignatedStreetsPly_236,266,{23B3837E-D759-4E7A-9861-8A88F4561B1C},0,0
Tertiary Street,Downtown_DesignatedStreetsPly_237,267,{97832BCD-4EA9-480F-B75F-1AD0E9EFA291},0,0
Tertiary Street,Downtown_DesignatedStreetsPly_238,268,{2926F455-0146-4A62-B709-1EAFC6185330},0,0
Tertiary Street,Downtown_DesignatedStreetsPly_239,269,{816F274A-43D8-468A-BEFB-A2AF1F9C3620},0,0
Tertiary Street,Downtown_DesignatedStreetsPly_240,270,{CB1358CC-CDF3-4D95-9528-72BA0EFF25EE},0,0
Tertiary Street,Downtown_DesignatedStreetsPly_241,271,{51D45BAF-18E5-435A-AF94-3F9196C9A05C},0,0
Tertiary Street,Downtown_DesignatedStreetsPly_242,272,{CDFA1731-D054-4BDB-8768-FD3104018F5A},0,0
Tertiary Street,Downtown_DesignatedStreetsPly_243,273,{16EBC55C-13C7-4484-9EAE-F5DAC87B6027},0,0
Tertiary Street,Downtown_DesignatedStreetsPly_244,274,{F3C7B1A1-6FFA-4F21-A2FE-4623977F5BF5},0,0
Tertiary Street,Downtown_DesignatedStreetsPly_245,275,{0F05D550-73D5-409B-997E-CB307CCF8A00},0,0
Tertiary Street,Downtown_DesignatedStreetsPly_246,276,{6A18542B-FD65-4219-8DD5-0EB99EFAE813},0,0
Tertiary Street,Downtown_DesignatedStreetsPly_247,277,{71C54D5C-F906-467C-8FA0-1F2D71B05B01},0,0
Primary Street,Downtown_DesignatedStreetsPly_248,278,{71EAC738-0B1B-4C38-9944-65697368B047},0,0
Primary Street,Downtown_DesignatedStreetsPly_249,279,{5875A5F6-F83C-4C7A-81A7-7FAFF3B1F10B},0,0
Primary Street,Downtown_DesignatedStreetsPly_250,280,{390EB92E-5A2D-4143-A788-9A9F2041CEE5},0,0
Primary Street,Downtown_DesignatedStreetsPly_251,281,{C3EB9D0C-8A97-4D55-B852-D9CD9601A6BA},0,0
Tertiary Street,Downtown_DesignatedStreetsPly_252,282,{A82A3312-6B95-478B-9487-9F63DD4C8119},0,0
Tertiary Street,Downtown_DesignatedStreetsPly_253,283,{504B2F88-4CD3-4903-A160-EC3152512416},0,0
Tertiary Street,Downtown_DesignatedStreetsPly_254,284,{1C0CF893-7FC5-49C7-8F4F-81BFFA1E0696},0,0
Tertiary Street,Downtown_DesignatedStreetsPly_255,285,{A4A0FBB7-1FCD-49FF-AE49-9C66C808E63F},0,0
Tertiary Street,Downtown_DesignatedStreetsPly_256,286,{481E475C-497A-4B28-8973-150FB2363C85},0,0
Tertiary Street,Downtown_DesignatedStreetsPly_257,287,{17511953-8692-4B3A-B274-DC9CD69B8736},0,0
